,Name,Url,Stargazer_Count,Total Releases,Age
0,Snailclimb/JavaGuide,https://github.com/Snailclimb/JavaGuide,118925,0,3
1,iluwatar/java-design-patterns,https://github.com/iluwatar/java-design-patterns,73796,0,7
2,MisterBooo/LeetCodeAnimation,https://github.com/MisterBooo/LeetCodeAnimation,69355,0,3
3,doocs/advanced-java,https://github.com/doocs/advanced-java,61791,1,3
4,spring-projects/spring-boot,https://github.com/spring-projects/spring-boot,60158,125,9
5,elastic/elasticsearch,https://github.com/elastic/elasticsearch,58911,78,12
6,macrozheng/mall,https://github.com/macrozheng/mall,56720,1,3
7,kdn251/interviews,https://github.com/kdn251/interviews,56541,0,5
8,spring-projects/spring-framework,https://github.com/spring-projects/spring-framework,46581,224,11
9,ReactiveX/RxJava,https://github.com/ReactiveX/RxJava,45859,227,9
10,GrowingGit/GitHub-Chinese-Top-Charts,https://github.com/GrowingGit/GitHub-Chinese-Top-Charts,45182,0,2
11,TheAlgorithms/Java,https://github.com/TheAlgorithms/Java,45089,0,5
12,google/guava,https://github.com/google/guava,43958,35,7
13,square/retrofit,https://github.com/square/retrofit,39707,0,11
14,apache/dubbo,https://github.com/apache/dubbo,36967,46,9
15,PhilJay/MPAndroidChart,https://github.com/PhilJay/MPAndroidChart,34799,44,7
16,airbnb/lottie-android,https://github.com/airbnb/lottie-android,32553,41,5
17,bumptech/glide,https://github.com/bumptech/glide,32357,38,8
18,NationalSecurityAgency/ghidra,https://github.com/NationalSecurityAgency/ghidra,31793,19,3
19,Blankj/AndroidUtilCode,https://github.com/Blankj/AndroidUtilCode,30549,116,5
20,geekxh/hello-algorithm,https://github.com/geekxh/hello-algorithm,30102,0,1
21,eugenp/tutorials,https://github.com/eugenp/tutorials,29856,0,8
22,skylot/jadx,https://github.com/skylot/jadx,29433,18,9
23,zxing/zxing,https://github.com/zxing/zxing,29300,27,10
24,netty/netty,https://github.com/netty/netty,28762,0,11
25,alibaba/arthas,https://github.com/alibaba/arthas,28665,39,3
26,jeecgboot/jeecg-boot,https://github.com/jeecgboot/jeecg-boot,28273,18,3
27,ityouknow/spring-boot-examples,https://github.com/ityouknow/spring-boot-examples,27236,0,5
28,crossoverJie/JCSprout,https://github.com/crossoverJie/JCSprout,26624,0,4
29,apolloconfig/apollo,https://github.com/apolloconfig/apollo,26460,34,6
30,JakeWharton/butterknife,https://github.com/JakeWharton/butterknife,25710,0,9
31,proxyee-down-org/proxyee-down,https://github.com/proxyee-down-org/proxyee-down,25251,49,4
32,alibaba/druid,https://github.com/alibaba/druid,25244,43,10
33,dbeaver/dbeaver,https://github.com/dbeaver/dbeaver,25183,147,6
34,xkcoding/spring-boot-demo,https://github.com/xkcoding/spring-boot-demo,25026,0,4
35,alibaba/fastjson,https://github.com/alibaba/fastjson,24203,83,10
36,qiurunze123/miaosha,https://github.com/qiurunze123/miaosha,24145,0,3
37,greenrobot/EventBus,https://github.com/greenrobot/EventBus,23869,7,9
38,lenve/vhr,https://github.com/lenve/vhr,23571,0,4
39,scwang90/SmartRefreshLayout,https://github.com/scwang90/SmartRefreshLayout,23365,10,4
40,SeleniumHQ/selenium,https://github.com/SeleniumHQ/selenium,23027,73,9
41,wuyouzhuguli/SpringAll,https://github.com/wuyouzhuguli/SpringAll,22936,0,3
42,alibaba/easyexcel,https://github.com/alibaba/easyexcel,22875,1,4
43,CymChad/BaseRecyclerViewAdapterHelper,https://github.com/CymChad/BaseRecyclerViewAdapterHelper,22684,192,5
44,hollischuang/toBeTopJavaer,https://github.com/hollischuang/toBeTopJavaer,22479,0,3
45,Netflix/Hystrix,https://github.com/Netflix/Hystrix,22477,79,9
46,alibaba/canal,https://github.com/alibaba/canal,22386,22,9
47,dromara/hutool,https://github.com/dromara/hutool,22183,110,7
48,signalapp/Signal-Android,https://github.com/signalapp/Signal-Android,22159,0,10
49,seata/seata,https://github.com/seata/seata,21798,31,3
50,alibaba/nacos,https://github.com/alibaba/nacos,21713,43,3
51,alibaba/spring-cloud-alibaba,https://github.com/alibaba/spring-cloud-alibaba,21666,27,4
52,halo-dev/halo,https://github.com/halo-dev/halo,21607,82,3
53,apache/kafka,https://github.com/apache/kafka,21438,0,10
54,xuxueli/xxl-job,https://github.com/xuxueli/xxl-job,20921,30,6
55,google/gson,https://github.com/google/gson,20674,3,7
56,libgdx/libgdx,https://github.com/libgdx/libgdx,19760,8,9
57,ReactiveX/RxAndroid,https://github.com/ReactiveX/RxAndroid,19615,18,7
58,DrKLO/Telegram,https://github.com/DrKLO/Telegram,19471,73,8
59,google/ExoPlayer,https://github.com/google/ExoPlayer,19067,18,7
60,apache/skywalking,https://github.com/apache/skywalking,18916,50,6
61,alibaba/Sentinel,https://github.com/alibaba/Sentinel,18695,19,3
62,jenkinsci/jenkins,https://github.com/jenkinsci/jenkins,18600,163,11
63,redisson/redisson,https://github.com/redisson/redisson,18552,105,8
64,didi/DoraemonKit,https://github.com/didi/DoraemonKit,18550,7,3
65,apache/flink,https://github.com/apache/flink,18388,0,7
66,bazelbuild/bazel,https://github.com/bazelbuild/bazel,18307,143,7
67,Baseflow/PhotoView,https://github.com/Baseflow/PhotoView,18153,5,9
68,TeamNewPipe/NewPipe,https://github.com/TeamNewPipe/NewPipe,18111,116,6
69,elunez/eladmin,https://github.com/elunez/eladmin,17717,0,3
70,CarGuo/GSYVideoPlayer,https://github.com/CarGuo/GSYVideoPlayer,17248,32,5
71,linlinjava/litemall,https://github.com/linlinjava/litemall,16924,8,3
72,mybatis/mybatis-3,https://github.com/mybatis/mybatis-3,16915,36,9
73,EnterpriseQualityCoding/FizzBuzzEnterpriseEdition,https://github.com/EnterpriseQualityCoding/FizzBuzzEnterpriseEdition,16841,0,9
74,nostra13/Android-Universal-Image-Loader,https://github.com/nostra13/Android-Universal-Image-Loader,16813,0,10
75,apache/rocketmq,https://github.com/apache/rocketmq,16763,6,5
76,facebook/fresco,https://github.com/facebook/fresco,16754,45,7
77,oracle/graal,https://github.com/oracle/graal,16736,32,6
78,dianping/cat,https://github.com/dianping/cat,16508,0,9
79,brettwooldridge/HikariCP,https://github.com/brettwooldridge/HikariCP,16481,0,8
80,forezp/SpringCloudLearning,https://github.com/forezp/SpringCloudLearning,16448,0,4
81,Tencent/tinker,https://github.com/Tencent/tinker,16262,44,5
82,shuzheng/zheng,https://github.com/shuzheng/zheng,16218,0,5
83,winterbe/java8-tutorial,https://github.com/winterbe/java8-tutorial,15542,0,8
84,apache/shardingsphere,https://github.com/apache/shardingsphere,15503,46,6
85,openzipkin/zipkin,https://github.com/openzipkin/zipkin,15230,67,9
86,android10/Android-CleanArchitecture,https://github.com/android10/Android-CleanArchitecture,15118,0,7
87,lottie-react-native/lottie-react-native,https://github.com/lottie-react-native/lottie-react-native,14918,9,5
88,JeffLi1993/springboot-learning-example,https://github.com/JeffLi1993/springboot-learning-example,14751,0,5
89,LMAX-Exchange/disruptor,https://github.com/LMAX-Exchange/disruptor,14612,13,9
90,Anuken/Mindustry,https://github.com/Anuken/Mindustry,14214,134,4
91,dyc87112/SpringBoot-Learning,https://github.com/dyc87112/SpringBoot-Learning,14199,0,5
92,hdodenhof/CircleImageView,https://github.com/hdodenhof/CircleImageView,14159,0,8
93,alibaba/ARouter,https://github.com/alibaba/ARouter,13718,16,5
94,iBotPeaches/Apktool,https://github.com/iBotPeaches/Apktool,13646,15,10
95,lgvalle/Material-Animations,https://github.com/lgvalle/Material-Animations,13560,0,7
96,Tencent/QMUI_Android,https://github.com/Tencent/QMUI_Android,13485,35,4
97,material-components/material-components-android,https://github.com/material-components/material-components-android,13471,49,5
98,medcl/elasticsearch-analysis-ik,https://github.com/medcl/elasticsearch-analysis-ik,13469,157,10
99,YunaiV/SpringBoot-Labs,https://github.com/YunaiV/SpringBoot-Labs,13434,0,3
100,prestodb/presto,https://github.com/prestodb/presto,13275,0,9
101,doocs/leetcode,https://github.com/doocs/leetcode,13221,19,3
102,orhanobut/logger,https://github.com/orhanobut/logger,13194,16,7
103,justauth/JustAuth,https://github.com/justauth/JustAuth,13170,45,3
104,Bigkoo/Android-PickerView,https://github.com/Bigkoo/Android-PickerView,13067,0,7
105,android-hacker/VirtualXposed,https://github.com/android-hacker/VirtualXposed,12977,49,4
106,Tencent/APIJSON,https://github.com/Tencent/APIJSON,12972,85,5
107,Curzibn/Luban,https://github.com/Curzibn/Luban,12862,6,5
108,Konloch/bytecode-viewer,https://github.com/Konloch/bytecode-viewer,12800,57,7
109,eclipse-vertx/vert.x,https://github.com/eclipse-vertx/vert.x,12780,0,10
110,mockito/mockito,https://github.com/mockito/mockito,12711,185,9
111,arduino/Arduino,https://github.com/arduino/Arduino,12663,37,11
112,baomidou/mybatis-plus,https://github.com/baomidou/mybatis-plus,12569,22,5
113,greenrobot/greenDAO,https://github.com/greenrobot/greenDAO,12509,8,10
114,openjdk/jdk,https://github.com/openjdk/jdk,12507,0,3
115,facebook/stetho,https://github.com/facebook/stetho,12460,13,7
116,apache/hadoop,https://github.com/apache/hadoop,12415,0,7
117,eclipse/deeplearning4j,https://github.com/eclipse/deeplearning4j,12386,0,8
118,JessYanCoding/AndroidAutoSize,https://github.com/JessYanCoding/AndroidAutoSize,12228,14,3
119,williamfiset/Algorithms,https://github.com/williamfiset/Algorithms,12227,0,5
120,zhihu/Matisse,https://github.com/zhihu/Matisse,12222,15,4
121,daimajia/AndroidSwipeLayout,https://github.com/daimajia/AndroidSwipeLayout,12186,18,7
122,pinpoint-apm/pinpoint,https://github.com/pinpoint-apm/pinpoint,12063,50,7
123,daimajia/AndroidViewAnimations,https://github.com/daimajia/AndroidViewAnimations,12054,9,7
124,zhisheng17/flink-learning,https://github.com/zhisheng17/flink-learning,11867,0,3
125,youth5201314/banner,https://github.com/youth5201314/banner,11829,0,5
126,Netflix/zuul,https://github.com/Netflix/zuul,11792,5,9
127,antlr/antlr4,https://github.com/antlr/antlr4,11766,23,12
128,keycloak/keycloak,https://github.com/keycloak/keycloak,11703,17,8
129,apache/druid,https://github.com/apache/druid,11621,48,9
130,termux/termux-app,https://github.com/termux/termux-app,11619,89,6
131,GoogleContainerTools/jib,https://github.com/GoogleContainerTools/jib,11606,133,4
132,OpenAPITools/openapi-generator,https://github.com/OpenAPITools/openapi-generator,11564,45,3
133,seaswalker/spring-analysis,https://github.com/seaswalker/spring-analysis,11500,0,5
134,Tencent/VasSonic,https://github.com/Tencent/VasSonic,11473,10,4
135,sqshq/piggymetrics,https://github.com/sqshq/piggymetrics,11420,2,6
136,heibaiying/BigData-Notes,https://github.com/heibaiying/BigData-Notes,11396,0,3
137,LuckSiege/PictureSelector,https://github.com/LuckSiege/PictureSelector,11307,103,5
138,ben-manes/caffeine,https://github.com/ben-manes/caffeine,11294,59,7
139,realm/realm-java,https://github.com/realm/realm-java,11263,0,9
140,thingsboard/thingsboard,https://github.com/thingsboard/thingsboard,11219,47,5
141,hyb1996/Auto.js,https://github.com/hyb1996/Auto.js,11198,0,5
142,jfeinstein10/SlidingMenu,https://github.com/jfeinstein10/SlidingMenu,11172,0,9
143,androidannotations/androidannotations,https://github.com/androidannotations/androidannotations,11166,0,10
144,Netflix/eureka,https://github.com/Netflix/eureka,11141,142,9
145,Yalantis/uCrop,https://github.com/Yalantis/uCrop,11112,15,6
146,projectlombok/lombok,https://github.com/projectlombok/lombok,11014,3,12
147,pagehelper/Mybatis-PageHelper,https://github.com/pagehelper/Mybatis-PageHelper,10998,9,7
148,java-decompiler/jd-gui,https://github.com/java-decompiler/jd-gui,10961,18,6
149,permissions-dispatcher/PermissionsDispatcher,https://github.com/permissions-dispatcher/PermissionsDispatcher,10900,40,6
150,alibaba/vlayout,https://github.com/alibaba/vlayout,10830,34,5
151,google/guice,https://github.com/google/guice,10830,15,7
152,alibaba/DataX,https://github.com/alibaba/DataX,10755,0,4
153,codecentric/spring-boot-admin,https://github.com/codecentric/spring-boot-admin,10704,67,7
154,android-async-http/android-async-http,https://github.com/android-async-http/android-async-http,10655,3,11
155,macrozheng/mall-learning,https://github.com/macrozheng/mall-learning,10643,0,2
156,H07000223/FlycoTabLayout,https://github.com/H07000223/FlycoTabLayout,10556,4,6
157,apache/pulsar,https://github.com/apache/pulsar,10528,53,5
158,lingochamp/FileDownloader,https://github.com/lingochamp/FileDownloader,10478,65,6
159,lipangit/JiaoZiVideoPlayer,https://github.com/lipangit/JiaoZiVideoPlayer,10418,78,6
160,jeasonlzy/okhttp-OkGo,https://github.com/jeasonlzy/okhttp-OkGo,10408,14,6
161,frank-lam/fullstack-tutorial,https://github.com/frank-lam/fullstack-tutorial,10406,0,3
162,redis/jedis,https://github.com/redis/jedis,10331,62,11
163,tbruyelle/RxPermissions,https://github.com/tbruyelle/RxPermissions,10312,11,6
164,mission-peace/interview,https://github.com/mission-peace/interview,10287,0,7
165,code4craft/webmagic,https://github.com/code4craft/webmagic,10285,20,8
166,apache/zookeeper,https://github.com/apache/zookeeper,10270,0,12
167,JakeWharton/ViewPagerIndicator,https://github.com/JakeWharton/ViewPagerIndicator,10215,0,10
168,gyf-dev/ImmersionBar,https://github.com/gyf-dev/ImmersionBar,10182,0,4
169,JessYanCoding/MVPArms,https://github.com/JessYanCoding/MVPArms,10156,25,5
170,janishar/mit-deep-learning-book-pdf,https://github.com/janishar/mit-deep-learning-book-pdf,10089,3,4
171,daniulive/SmarterStreaming,https://github.com/daniulive/SmarterStreaming,9959,0,5
172,aosp-mirror/platform_frameworks_base,https://github.com/aosp-mirror/platform_frameworks_base,9911,0,13
173,neo4j/neo4j,https://github.com/neo4j/neo4j,9838,72,9
174,chefyuan/algorithm-base,https://github.com/chefyuan/algorithm-base,9816,0,1
175,YoKeyword/Fragmentation,https://github.com/YoKeyword/Fragmentation,9715,30,6
176,careercup/CtCI-6th-Edition,https://github.com/careercup/CtCI-6th-Edition,9704,0,6
177,google/auto,https://github.com/google/auto,9664,55,8
178,liaohuqiu/android-Ultra-Pull-To-Refresh,https://github.com/liaohuqiu/android-Ultra-Pull-To-Refresh,9664,8,7
179,ksoichiro/Android-ObservableScrollView,https://github.com/ksoichiro/Android-ObservableScrollView,9624,0,7
180,HarlonWang/AVLoadingIndicatorView,https://github.com/HarlonWang/AVLoadingIndicatorView,9608,1,6
181,wasabeef/glide-transformations,https://github.com/wasabeef/glide-transformations,9588,0,7
182,DuGuQiuBai/Java,https://github.com/DuGuQiuBai/Java,9585,0,6
183,react-native-camera/react-native-camera,https://github.com/react-native-camera/react-native-camera,9559,144,6
184,quarkusio/quarkus,https://github.com/quarkusio/quarkus,9550,165,3
185,pxb1988/dex2jar,https://github.com/pxb1988/dex2jar,9541,6,7
186,grpc/grpc-java,https://github.com/grpc/grpc-java,9520,109,7
187,square/javapoet,https://github.com/square/javapoet,9468,0,9
188,pockethub/PocketHub,https://github.com/pockethub/PocketHub,9455,1,10
189,googlesamples/easypermissions,https://github.com/googlesamples/easypermissions,9399,12,6
190,umano/AndroidSlidingUpPanel,https://github.com/umano/AndroidSlidingUpPanel,9397,8,8
191,clojure/clojure,https://github.com/clojure/clojure,9386,0,11
192,jhy/jsoup,https://github.com/jhy/jsoup,9348,5,12
193,zaproxy/zaproxy,https://github.com/zaproxy/zaproxy,9341,255,6
194,apereo/cas,https://github.com/apereo/cas,9316,211,10
195,perwendel/spark,https://github.com/perwendel/spark,9276,0,10
196,paascloud/paascloud-master,https://github.com/paascloud/paascloud-master,9273,0,4
197,MyCATApache/Mycat-Server,https://github.com/MyCATApache/Mycat-Server,9251,7,7
198,bilibili/DanmakuFlameMaster,https://github.com/bilibili/DanmakuFlameMaster,9242,5,8
199,navasmdc/MaterialDesignLibrary,https://github.com/navasmdc/MaterialDesignLibrary,9090,3,7
200,hackware1993/MagicIndicator,https://github.com/hackware1993/MagicIndicator,9074,12,5
201,koral--/android-gif-drawable,https://github.com/koral--/android-gif-drawable,9045,56,9
202,lihengming/spring-boot-api-project-seed,https://github.com/lihengming/spring-boot-api-project-seed,9033,4,4
203,nathanmarz/storm,https://github.com/nathanmarz/storm,8930,0,10
204,lzyzsd/JsBridge,https://github.com/lzyzsd/JsBridge,8862,0,7
205,TooTallNate/Java-WebSocket,https://github.com/TooTallNate/Java-WebSocket,8851,13,12
206,chrisbanes/Android-PullToRefresh,https://github.com/chrisbanes/Android-PullToRefresh,8776,0,10
207,laobie/StatusBarUtil,https://github.com/laobie/StatusBarUtil,8733,0,6
208,OpenRefine/OpenRefine,https://github.com/OpenRefine/OpenRefine,8685,32,9
209,didi/VirtualAPK,https://github.com/didi/VirtualAPK,8644,4,4
210,newbee-ltd/newbee-mall,https://github.com/newbee-ltd/newbee-mall,8634,0,2
211,chrisjenx/Calligraphy,https://github.com/chrisjenx/Calligraphy,8621,4,8
212,MindorksOpenSource/android-interview-questions,https://github.com/MindorksOpenSource/android-interview-questions,8581,0,4
213,asLody/VirtualApp,https://github.com/asLody/VirtualApp,8558,0,5
214,GcsSloop/AndroidNote,https://github.com/GcsSloop/AndroidNote,8555,0,6
215,Freelander/Android_Data,https://github.com/Freelander/Android_Data,8475,0,6
216,Justson/AgentWeb,https://github.com/Justson/AgentWeb,8450,18,4
217,Activiti/Activiti,https://github.com/Activiti/Activiti,8446,30,9
218,roughike/BottomBar,https://github.com/roughike/BottomBar,8445,4,6
219,android/testing-samples,https://github.com/android/testing-samples,8424,0,7
220,stanfordnlp/CoreNLP,https://github.com/stanfordnlp/CoreNLP,8389,8,8
221,Blankj/awesome-java-leetcode,https://github.com/Blankj/awesome-java-leetcode,8352,0,4
222,cats-oss/android-gpuimage,https://github.com/cats-oss/android-gpuimage,8328,0,9
223,junit-team/junit4,https://github.com/junit-team/junit4,8269,13,13
224,crossoverJie/cim,https://github.com/crossoverJie/cim,8260,7,3
225,macrozheng/mall-swarm,https://github.com/macrozheng/mall-swarm,8243,1,2
226,dromara/Sa-Token,https://github.com/dromara/Sa-Token,8240,23,2
227,facebook/buck,https://github.com/facebook/buck,8229,56,8
228,florent37/MaterialViewPager,https://github.com/florent37/MaterialViewPager,8211,11,6
229,questdb/questdb,https://github.com/questdb/questdb,8203,45,7
230,jwtk/jjwt,https://github.com/jwtk/jjwt,8188,0,7
231,dropwizard/dropwizard,https://github.com/dropwizard/dropwizard,8157,114,11
232,ybq/Android-SpinKit,https://github.com/ybq/Android-SpinKit,8143,0,6
233,huanghaibin-dev/CalendarView,https://github.com/huanghaibin-dev/CalendarView,8139,0,5
234,alibaba/atlas,https://github.com/alibaba/atlas,8050,7,5
235,firebase/quickstart-android,https://github.com/firebase/quickstart-android,8049,0,5
236,amitshekhariitbhu/Android-Debug-Database,https://github.com/amitshekhariitbhu/Android-Debug-Database,7972,12,5
237,OpenFeign/feign,https://github.com/OpenFeign/feign,7914,22,8
238,ChrisRM/material-theme-jetbrains,https://github.com/ChrisRM/material-theme-jetbrains,7906,17,6
239,shwenzhang/AndResGuard,https://github.com/shwenzhang/AndResGuard,7904,4,6
240,HannahMitt/HomeMirror,https://github.com/HannahMitt/HomeMirror,7898,0,6
241,Netflix/SimianArmy,https://github.com/Netflix/SimianArmy,7861,4,9
242,airbnb/epoxy,https://github.com/airbnb/epoxy,7813,70,5
243,guolindev/LitePal,https://github.com/guolindev/LitePal,7811,0,9
244,resilience4j/resilience4j,https://github.com/resilience4j/resilience4j,7796,29,6
245,JakeWharton/hugo,https://github.com/JakeWharton/hugo,7786,0,8
246,hs-web/hsweb-framework,https://github.com/hs-web/hsweb-framework,7778,24,6
247,doocs/source-code-hunter,https://github.com/doocs/source-code-hunter,7777,0,2
248,trello/RxLifecycle,https://github.com/trello/RxLifecycle,7692,22,6
249,kaushikgopal/RxJava-Android-Samples,https://github.com/kaushikgopal/RxJava-Android-Samples,7526,0,7
250,signalapp/Signal-Server,https://github.com/signalapp/Signal-Server,7519,0,8
251,react-native-image-picker/react-native-image-picker,https://github.com/react-native-image-picker/react-native-image-picker,7517,99,6
252,dropwizard/metrics,https://github.com/dropwizard/metrics,7508,86,12
253,apache/dolphinscheduler,https://github.com/apache/dolphinscheduler,7490,24,3
254,aritraroy/UltimateAndroidReference,https://github.com/aritraroy/UltimateAndroidReference,7466,0,4
255,apache/shardingsphere-elasticjob,https://github.com/apache/shardingsphere-elasticjob,7443,27,6
256,google/tsunami-security-scanner,https://github.com/google/tsunami-security-scanner,7415,9,1
257,facebook/litho,https://github.com/facebook/litho,7356,48,5
258,KunMinX/Jetpack-MVVM-Best-Practice,https://github.com/KunMinX/Jetpack-MVVM-Best-Practice,7318,0,2
259,lecho/hellocharts-android,https://github.com/lecho/hellocharts-android,7286,14,7
260,google/agera,https://github.com/google/agera,7283,16,6
261,square/dagger,https://github.com/square/dagger,7278,0,9
262,Bearded-Hen/Android-Bootstrap,https://github.com/Bearded-Hen/Android-Bootstrap,7252,5,8
263,cymcsg/UltimateRecyclerView,https://github.com/cymcsg/UltimateRecyclerView,7246,9,7
264,vipshop/vjtools,https://github.com/vipshop/vjtools,7244,9,3
265,pedant/sweet-alert-dialog,https://github.com/pedant/sweet-alert-dialog,7234,2,7
266,davemorrissey/subsampling-scale-image-view,https://github.com/davemorrissey/subsampling-scale-image-view,7212,21,8
267,zhoutaoo/SpringCloud,https://github.com/zhoutaoo/SpringCloud,7211,0,4
268,koush/AndroidAsync,https://github.com/koush/AndroidAsync,7191,0,9
269,gedoor/MyBookshelf,https://github.com/gedoor/MyBookshelf,7190,164,3
270,crazycodeboy/TakePhoto,https://github.com/crazycodeboy/TakePhoto,7178,15,6
271,apache/cassandra,https://github.com/apache/cassandra,7175,0,12
272,JakeWharton/ActionBarSherlock,https://github.com/JakeWharton/ActionBarSherlock,7154,32,11
273,leolin310148/ShortcutBadger,https://github.com/leolin310148/ShortcutBadger,7145,0,8
274,geeeeeeeeek/WeChatLuckyMoney,https://github.com/geeeeeeeeek/WeChatLuckyMoney,7130,20,6
275,cryptomator/cryptomator,https://github.com/cryptomator/cryptomator,7084,125,8
276,barteksc/AndroidPdfViewer,https://github.com/barteksc/AndroidPdfViewer,7075,0,5
277,alibaba/otter,https://github.com/alibaba/otter,7069,10,8
278,ionic-team/capacitor,https://github.com/ionic-team/capacitor,7068,75,4
279,java-native-access/jna,https://github.com/java-native-access/jna,7032,0,10
280,theonedev/onedev,https://github.com/theonedev/onedev,6998,108,3
281,google/android-classyshark,https://github.com/google/android-classyshark,6974,17,6
282,metersphere/metersphere,https://github.com/metersphere/metersphere,6968,135,2
283,ogaclejapan/SmartTabLayout,https://github.com/ogaclejapan/SmartTabLayout,6966,0,7
284,swagger-api/swagger-core,https://github.com/swagger-api/swagger-core,6950,72,10
285,checkstyle/checkstyle,https://github.com/checkstyle/checkstyle,6944,113,8
286,Qihoo360/RePlugin,https://github.com/Qihoo360/RePlugin,6929,17,4
287,alibaba/COLA,https://github.com/alibaba/COLA,6924,4,4
288,kevin-wayne/algs4,https://github.com/kevin-wayne/algs4,6920,0,6
289,goldze/MVVMHabit,https://github.com/goldze/MVVMHabit,6898,3,4
290,dyc87112/SpringCloud-Learning,https://github.com/dyc87112/SpringCloud-Learning,6890,0,5
291,seven332/EhViewer,https://github.com/seven332/EhViewer,6887,97,7
292,hongyangAndroid/okhttputils,https://github.com/hongyangAndroid/okhttputils,6865,0,6
293,uber/RIBs,https://github.com/uber/RIBs,6774,4,4
294,abel533/Mapper,https://github.com/abel533/Mapper,6769,2,7
295,kekingcn/kkFileView,https://github.com/kekingcn/kkFileView,6749,10,4
296,json-path/JsonPath,https://github.com/json-path/JsonPath,6749,8,11
297,DroidPluginTeam/DroidPlugin,https://github.com/DroidPluginTeam/DroidPlugin,6710,2,6
298,hongyangAndroid/AndroidAutoLayout,https://github.com/hongyangAndroid/AndroidAutoLayout,6695,0,6
299,naman14/Timber,https://github.com/naman14/Timber,6668,5,6
300,spring-projects/spring-security,https://github.com/spring-projects/spring-security,6651,92,10
301,kunal-kushwaha/DSA-Bootcamp-Java,https://github.com/kunal-kushwaha/DSA-Bootcamp-Java,6642,0,0
302,NLPchina/elasticsearch-sql,https://github.com/NLPchina/elasticsearch-sql,6637,189,7
303,yuanguangxin/LeetCode,https://github.com/yuanguangxin/LeetCode,6633,0,2
304,SonarSource/sonarqube,https://github.com/SonarSource/sonarqube,6610,25,11
305,Exrick/xmall,https://github.com/Exrick/xmall,6575,0,4
306,yanzhenjie/AndPermission,https://github.com/yanzhenjie/AndPermission,6554,0,5
307,k9mail/k-9,https://github.com/k9mail/k-9,6500,126,11
308,Angel-ML/angel,https://github.com/Angel-ML/angel,6495,19,4
309,wildfirechat/server,https://github.com/wildfirechat/server,6483,63,3
310,lenve/VBlog,https://github.com/lenve/VBlog,6468,0,4
311,gyoogle/tech-interview-for-developer,https://github.com/gyoogle/tech-interview-for-developer,6442,0,2
312,flyway/flyway,https://github.com/flyway/flyway,6433,134,9
313,debezium/debezium,https://github.com/debezium/debezium,6408,0,6
314,gocd/gocd,https://github.com/gocd/gocd,6391,70,8
315,google/closure-compiler,https://github.com/google/closure-compiler,6387,0,7
316,zendesk/android-floating-action-button,https://github.com/zendesk/android-floating-action-button,6358,0,7
317,Meituan-Dianping/walle,https://github.com/Meituan-Dianping/walle,6355,1,5
318,apache/storm,https://github.com/apache/storm,6335,0,8
319,zo0r/react-native-push-notification,https://github.com/zo0r/react-native-push-notification,6317,35,6
320,TechEmpower/FrameworkBenchmarks,https://github.com/TechEmpower/FrameworkBenchmarks,6310,15,8
321,GrenderG/Toasty,https://github.com/GrenderG/Toasty,6306,19,5
322,koush/ion,https://github.com/koush/ion,6305,0,8
323,markzhai/AndroidPerformanceMonitor,https://github.com/markzhai/AndroidPerformanceMonitor,6301,0,6
324,vinc3m1/RoundedImageView,https://github.com/vinc3m1/RoundedImageView,6296,19,9
325,NanoHttpd/nanohttpd,https://github.com/NanoHttpd/nanohttpd,6268,3,9
326,li-xiaojun/XPopup,https://github.com/li-xiaojun/XPopup,6267,176,3
327,Tencent/Shadow,https://github.com/Tencent/Shadow,6238,3,2
328,ssssssss-team/spider-flow,https://github.com/ssssssss-team/spider-flow,6233,2,1
329,processing/processing,https://github.com/processing/processing,6182,48,9
330,languagetool-org/languagetool,https://github.com/languagetool-org/languagetool,6179,0,8
331,guardianproject/haven,https://github.com/guardianproject/haven,6173,37,5
332,ikew0ng/SwipeBackLayout,https://github.com/ikew0ng/SwipeBackLayout,6140,0,8
333,zouzg/mybatis-generator-gui,https://github.com/zouzg/mybatis-generator-gui,6130,16,5
334,rengwuxian/MaterialEditText,https://github.com/rengwuxian/MaterialEditText,6118,19,7
335,NLPchina/ansj_seg,https://github.com/NLPchina/ansj_seg,6104,3,9
336,smuyyh/BookReader,https://github.com/smuyyh/BookReader,6073,0,5
337,Graylog2/graylog2-server,https://github.com/Graylog2/graylog2-server,6062,0,11
338,react-native-video/react-native-video,https://github.com/react-native-video/react-native-video,6051,6,6
339,pedrovgs/EffectiveAndroidUI,https://github.com/pedrovgs/EffectiveAndroidUI,6046,0,7
340,rey5137/material,https://github.com/rey5137/material,6046,10,7
341,google/physical-web,https://github.com/google/physical-web,6036,17,7
342,ArthurHub/Android-Image-Cropper,https://github.com/ArthurHub/Android-Image-Cropper,6032,32,7
343,airbytehq/airbyte,https://github.com/airbytehq/airbyte,6024,185,1
344,apache/jmeter,https://github.com/apache/jmeter,5994,0,11
345,aa112901/remusic,https://github.com/aa112901/remusic,5983,0,5
346,apache/incubator-shenyu,https://github.com/apache/incubator-shenyu,5976,5,3
347,daimajia/NumberProgressBar,https://github.com/daimajia/NumberProgressBar,5976,3,7
348,antoniolg/androidmvp,https://github.com/antoniolg/androidmvp,5961,0,7
349,singwhatiwanna/dynamic-load-apk,https://github.com/singwhatiwanna/dynamic-load-apk,5958,0,7
350,react-native-svg/react-native-svg,https://github.com/react-native-svg/react-native-svg,5949,76,6
351,apache/tomcat,https://github.com/apache/tomcat,5921,0,10
352,sohutv/cachecloud,https://github.com/sohutv/cachecloud,5918,6,6
353,AsyncHttpClient/async-http-client,https://github.com/AsyncHttpClient/async-http-client,5917,0,11
354,wyouflf/xUtils3,https://github.com/wyouflf/xUtils3,5914,9,6
355,google/error-prone,https://github.com/google/error-prone,5903,17,7
356,real-logic/aeron,https://github.com/real-logic/aeron,5903,79,8
357,ityouknow/spring-cloud-examples,https://github.com/ityouknow/spring-cloud-examples,5877,0,4
358,google/j2objc,https://github.com/google/j2objc,5869,39,8
359,sshahine/JFoenix,https://github.com/sshahine/JFoenix,5811,0,6
360,springside/springside4,https://github.com/springside/springside4,5788,3,10
361,prolificinteractive/material-calendarview,https://github.com/prolificinteractive/material-calendarview,5768,22,7
362,ximsfei/Android-skin-support,https://github.com/ximsfei/Android-skin-support,5766,0,5
363,rest-assured/rest-assured,https://github.com/rest-assured/rest-assured,5764,0,11
364,Nightonke/BoomMenu,https://github.com/Nightonke/BoomMenu,5755,0,6
365,weibocom/motan,https://github.com/weibocom/motan,5754,17,5
366,rabbitmq/rabbitmq-tutorials,https://github.com/rabbitmq/rabbitmq-tutorials,5754,0,11
367,bytedeco/javacv,https://github.com/bytedeco/javacv,5752,8,7
368,wasabeef/richeditor-android,https://github.com/wasabeef/richeditor-android,5742,0,6
369,karatelabs/karate,https://github.com/karatelabs/karate,5741,43,5
370,testcontainers/testcontainers-java,https://github.com/testcontainers/testcontainers-java,5730,54,6
371,Devlight/InfiniteCycleViewPager,https://github.com/Devlight/InfiniteCycleViewPager,5723,2,5
372,JakeWharton/u2020,https://github.com/JakeWharton/u2020,5721,0,8
373,joelittlejohn/jsonschema2pojo,https://github.com/joelittlejohn/jsonschema2pojo,5691,58,8
374,PaperMC/Paper,https://github.com/PaperMC/Paper,5689,1,6
375,febsteam/FEBS-Shiro,https://github.com/febsteam/FEBS-Shiro,5686,0,4
376,mrniko/netty-socketio,https://github.com/mrniko/netty-socketio,5668,3,10
377,YunaiV/onemall,https://github.com/YunaiV/onemall,5662,0,2
378,twowaits/SDE-Interview-Questions,https://github.com/twowaits/SDE-Interview-Questions,5655,1,4
379,JakeWharton/DiskLruCache,https://github.com/JakeWharton/DiskLruCache,5654,0,10
380,daimajia/AndroidImageSlider,https://github.com/daimajia/AndroidImageSlider,5652,5,7
381,pentaho/pentaho-kettle,https://github.com/pentaho/pentaho-kettle,5642,1,8
382,nhaarman/ListViewAnimations,https://github.com/nhaarman/ListViewAnimations,5637,14,9
383,apache/zeppelin,https://github.com/apache/zeppelin,5612,0,6
384,wxiaoqi/Spring-Cloud-Platform,https://github.com/wxiaoqi/Spring-Cloud-Platform,5609,3,4
385,k0shk0sh/FastHub,https://github.com/k0shk0sh/FastHub,5603,63,5
386,lets-blade/blade,https://github.com/lets-blade/blade,5597,9,6
387,liyifeng1994/ssm,https://github.com/liyifeng1994/ssm,5591,0,5
388,amlcurran/ShowcaseView,https://github.com/amlcurran/ShowcaseView,5577,13,9
389,yarolegovich/DiscreteScrollView,https://github.com/yarolegovich/DiscreteScrollView,5569,2,5
390,dmytrodanylyk/circular-progress-button,https://github.com/dmytrodanylyk/circular-progress-button,5569,1,7
391,springfox/springfox,https://github.com/springfox/springfox,5549,12,9
392,lightbend/config,https://github.com/lightbend/config,5546,0,10
393,hongyangAndroid/FlowLayout,https://github.com/hongyangAndroid/FlowLayout,5543,0,6
394,jpush/aurora-imui,https://github.com/jpush/aurora-imui,5540,42,5
395,Alluxio/alluxio,https://github.com/Alluxio/alluxio,5537,53,9
396,MindorksOpenSource/from-java-to-kotlin,https://github.com/MindorksOpenSource/from-java-to-kotlin,5529,0,4
397,plantuml/plantuml,https://github.com/plantuml/plantuml,5524,9,11
398,h2pl/Java-Tutorial,https://github.com/h2pl/Java-Tutorial,5522,0,3
399,emilsjolander/StickyListHeaders,https://github.com/emilsjolander/StickyListHeaders,5521,16,10
400,knightliao/disconf,https://github.com/knightliao/disconf,5514,12,7
401,google/grafika,https://github.com/google/grafika,5505,1,8
402,alibaba/freeline,https://github.com/alibaba/freeline,5495,22,5
403,sockeqwe/mosby,https://github.com/sockeqwe/mosby,5478,15,6
404,haifengl/smile,https://github.com/haifengl/smile,5475,22,7
405,facebookarchive/rebound,https://github.com/facebookarchive/rebound,5468,10,8
406,527515025/springBoot,https://github.com/527515025/springBoot,5440,0,5
407,gzu-liyujiang/AndroidPicker,https://github.com/gzu-liyujiang/AndroidPicker,5438,50,6
408,dm77/barcodescanner,https://github.com/dm77/barcodescanner,5431,6,8
409,graphql-java/graphql-java,https://github.com/graphql-java/graphql-java,5429,40,6
410,robolectric/robolectric,https://github.com/robolectric/robolectric,5416,81,11
411,jgilfelt/SystemBarTint,https://github.com/jgilfelt/SystemBarTint,5395,3,8
412,apache/beam,https://github.com/apache/beam,5378,20,6
413,evernote/android-job,https://github.com/evernote/android-job,5373,31,6
414,amitshekhariitbhu/Fast-Android-Networking,https://github.com/amitshekhariitbhu/Fast-Android-Networking,5372,8,5
415,changmingxie/tcc-transaction,https://github.com/changmingxie/tcc-transaction,5366,4,6
416,evant/gradle-retrolambda,https://github.com/evant/gradle-retrolambda,5359,37,8
417,hanks-zyh/HTextView,https://github.com/hanks-zyh/HTextView,5341,0,6
418,dataease/dataease,https://github.com/dataease/dataease,5335,24,1
419,MinecraftForge/MinecraftForge,https://github.com/MinecraftForge/MinecraftForge,5331,0,10
420,JesusFreke/smali,https://github.com/JesusFreke/smali,5327,1,9
421,ja-netfilter/ja-netfilter,https://github.com/ja-netfilter/ja-netfilter,5297,1,0
422,XRecyclerView/XRecyclerView,https://github.com/XRecyclerView/XRecyclerView,5284,0,6
423,lucasr/twoway-view,https://github.com/lucasr/twoway-view,5272,0,9
424,commonsguy/cw-omnibus,https://github.com/commonsguy/cw-omnibus,5269,36,10
425,apache/dubbo-spring-boot-project,https://github.com/apache/dubbo-spring-boot-project,5262,13,4
426,micronaut-projects/micronaut-core,https://github.com/micronaut-projects/micronaut-core,5258,118,4
427,yixia/VitamioBundle,https://github.com/yixia/VitamioBundle,5253,0,9
428,Meituan-Dianping/Leaf,https://github.com/Meituan-Dianping/Leaf,5244,0,3
429,scribejava/scribejava,https://github.com/scribejava/scribejava,5240,7,11
430,yanzhenjie/SwipeRecyclerView,https://github.com/yanzhenjie/SwipeRecyclerView,5225,0,5
431,Clans/FloatingActionButton,https://github.com/Clans/FloatingActionButton,5209,14,6
432,square/otto,https://github.com/square/otto,5202,0,9
433,h6ah4i/android-advancedrecyclerview,https://github.com/h6ah4i/android-advancedrecyclerview,5198,1,7
434,Yalantis/Side-Menu.Android,https://github.com/Yalantis/Side-Menu.Android,5191,2,7
435,wuhaoyu1990/MagicCamera,https://github.com/wuhaoyu1990/MagicCamera,5187,0,6
436,Vedenin/useful-java-links,https://github.com/Vedenin/useful-java-links,5180,0,6
437,thinkaurelius/titan,https://github.com/thinkaurelius/titan,5172,0,10
438,xxv/android-lifecycle,https://github.com/xxv/android-lifecycle,5170,0,7
439,LawnchairLauncher/lawnchair,https://github.com/LawnchairLauncher/lawnchair,5168,34,5
440,motianhuo/wechat,https://github.com/motianhuo/wechat,5166,0,6
441,CameraKit/camerakit-android,https://github.com/CameraKit/camerakit-android,5155,17,5
442,KeepSafe/TapTargetView,https://github.com/KeepSafe/TapTargetView,5152,23,5
443,wasabeef/Blurry,https://github.com/wasabeef/Blurry,5146,0,6
444,datahub-project/datahub,https://github.com/datahub-project/datahub,5145,49,6
445,crazycodeboy/react-native-splash-screen,https://github.com/crazycodeboy/react-native-splash-screen,5135,12,5
446,Karumi/Dexter,https://github.com/Karumi/Dexter,5131,33,6
447,frohoff/ysoserial,https://github.com/frohoff/ysoserial,5089,0,7
448,yuliskov/SmartTubeNext,https://github.com/yuliskov/SmartTubeNext,5085,65,1
449,trinodb/trino,https://github.com/trinodb/trino,5083,0,3
450,junit-team/junit5,https://github.com/junit-team/junit5,5070,54,7
451,journeyapps/zxing-android-embedded,https://github.com/journeyapps/zxing-android-embedded,5046,9,9
452,frogermcs/InstaMaterial,https://github.com/frogermcs/InstaMaterial,5036,1,7
453,careercup/ctci,https://github.com/careercup/ctci,5031,0,8
454,alibaba/UltraViewPager,https://github.com/alibaba/UltraViewPager,5030,10,4
455,mapstruct/mapstruct,https://github.com/mapstruct/mapstruct,5024,21,9
456,TommyLemon/Android-ZBLibrary,https://github.com/TommyLemon/Android-ZBLibrary,5021,25,6
457,flowable/flowable-engine,https://github.com/flowable/flowable-engine,5018,20,5
458,awsdocs/aws-doc-sdk-examples,https://github.com/awsdocs/aws-doc-sdk-examples,5013,0,5
459,wequick/Small,https://github.com/wequick/Small,5011,25,6
460,Trinea/android-common,https://github.com/Trinea/android-common,4996,1,9
461,btraceio/btrace,https://github.com/btraceio/btrace,4990,28,7
462,spring-attic/spring-mvc-showcase,https://github.com/spring-attic/spring-mvc-showcase,4987,0,10
463,traex/RippleEffect,https://github.com/traex/RippleEffect,4963,0,7
464,alibaba/transmittable-thread-local,https://github.com/alibaba/transmittable-thread-local,4958,49,8
465,amitshekhariitbhu/RxJava2-Android-Samples,https://github.com/amitshekhariitbhu/RxJava2-Android-Samples,4955,0,5
466,orhanobut/dialogplus,https://github.com/orhanobut/dialogplus,4953,9,7
467,wiremock/wiremock,https://github.com/wiremock/wiremock,4939,1,10
468,yipianfengye/android-zxingLibrary,https://github.com/yipianfengye/android-zxingLibrary,4914,0,5
469,Devlight/NavigationTabBar,https://github.com/Devlight/NavigationTabBar,4913,13,5
470,facebook/shimmer-android,https://github.com/facebook/shimmer-android,4911,5,7
471,hibernate/hibernate-orm,https://github.com/hibernate/hibernate-orm,4894,16,11
472,danikula/AndroidVideoCache,https://github.com/danikula/AndroidVideoCache,4892,20,6
473,mybatis/generator,https://github.com/mybatis/generator,4891,10,9
474,quartz-scheduler/quartz,https://github.com/quartz-scheduler/quartz,4891,2,6
475,socketio/socket.io-client-java,https://github.com/socketio/socket.io-client-java,4882,3,8
476,Ramotion/folding-cell-android,https://github.com/Ramotion/folding-cell-android,4870,0,5
477,rubensousa/GravitySnapHelper,https://github.com/rubensousa/GravitySnapHelper,4860,14,5
478,ffay/lanproxy,https://github.com/ffay/lanproxy,4858,1,5
479,andkulikov/Transitions-Everywhere,https://github.com/andkulikov/Transitions-Everywhere,4855,23,7
480,AriaLyy/Aria,https://github.com/AriaLyy/Aria,4842,26,6
481,jOOQ/jOOQ,https://github.com/jOOQ/jOOQ,4834,0,10
482,confluentinc/ksql,https://github.com/confluentinc/ksql,4827,8,5
483,claritylab/lucida,https://github.com/claritylab/lucida,4826,0,7
484,alibaba/jvm-sandbox,https://github.com/alibaba/jvm-sandbox,4808,12,4
485,raphw/byte-buddy,https://github.com/raphw/byte-buddy,4796,246,8
486,etsy/AndroidStaggeredGrid,https://github.com/etsy/AndroidStaggeredGrid,4789,7,8
487,DingMouRen/LayoutManagerGroup,https://github.com/DingMouRen/LayoutManagerGroup,4784,0,3
488,Nepxion/Discovery,https://github.com/Nepxion/Discovery,4769,112,3
489,google/google-authenticator,https://github.com/google/google-authenticator,4769,0,7
490,JodaOrg/joda-time,https://github.com/JodaOrg/joda-time,4764,35,10
491,mcxiaoke/packer-ng-plugin,https://github.com/mcxiaoke/packer-ng-plugin,4753,1,6
492,hazelcast/hazelcast,https://github.com/hazelcast/hazelcast,4752,166,9
493,ankidroid/Anki-Android,https://github.com/ankidroid/Anki-Android,4743,986,9
494,google/cameraview,https://github.com/google/cameraview,4737,0,5
495,saiwu-bigkoo/Android-ConvenientBanner,https://github.com/saiwu-bigkoo/Android-ConvenientBanner,4730,0,7
496,gabrielemariotti/cardslib,https://github.com/gabrielemariotti/cardslib,4720,27,8
497,opensearch-project/OpenSearch,https://github.com/opensearch-project/OpenSearch,4716,12,1
498,pardom-zz/ActiveAndroid,https://github.com/pardom-zz/ActiveAndroid,4716,0,9
499,huangyanbin/smartTable,https://github.com/huangyanbin/smartTable,4708,44,4
500,vavr-io/vavr,https://github.com/vavr-io/vavr,4706,17,8
501,getActivity/AndroidProject,https://github.com/getActivity/AndroidProject,4690,17,3
502,razerdp/BasePopup,https://github.com/razerdp/BasePopup,4682,15,6
503,hongyangAndroid/baseAdapter,https://github.com/hongyangAndroid/baseAdapter,4668,0,6
504,gephi/gephi,https://github.com/gephi/gephi,4664,13,10
505,wdullaer/MaterialDateTimePicker,https://github.com/wdullaer/MaterialDateTimePicker,4644,54,7
506,youlookwhat/CloudReader,https://github.com/youlookwhat/CloudReader,4642,25,5
507,square/sqlbrite,https://github.com/square/sqlbrite,4636,9,7
508,auth0/java-jwt,https://github.com/auth0/java-jwt,4621,32,8
509,OpenTSDB/opentsdb,https://github.com/OpenTSDB/opentsdb,4620,26,11
510,macrozheng/springcloud-learning,https://github.com/macrozheng/springcloud-learning,4616,0,2
511,hustcc/JS-Sorting-Algorithm,https://github.com/hustcc/JS-Sorting-Algorithm,4604,0,5
512,go-lang-plugin-org/go-lang-idea-plugin,https://github.com/go-lang-plugin-org/go-lang-idea-plugin,4602,21,11
513,microg/GmsCore,https://github.com/microg/GmsCore,4601,26,7
514,zhaojun1998/zfile,https://github.com/zhaojun1998/zfile,4599,39,2
515,alipay/SoloPi,https://github.com/alipay/SoloPi,4594,7,3
516,danielzeller/Depth-LIB-Android-,https://github.com/danielzeller/Depth-LIB-Android-,4586,0,5
517,SplashCodes/JAViewer,https://github.com/SplashCodes/JAViewer,4576,10,5
518,chentao0707/SimplifyReader,https://github.com/chentao0707/SimplifyReader,4576,0,6
519,baidu/uid-generator,https://github.com/baidu/uid-generator,4566,0,4
520,ElderDrivers/EdXposed,https://github.com/ElderDrivers/EdXposed,4558,27,3
521,kyleduo/SwitchButton,https://github.com/kyleduo/SwitchButton,4558,0,7
522,fuzhengwei/itstack-demo-design,https://github.com/fuzhengwei/itstack-demo-design,4554,0,1
523,jgilfelt/chuck,https://github.com/jgilfelt/chuck,4552,5,5
524,lingochamp/okdownload,https://github.com/lingochamp/okdownload,4549,8,4
525,spring-cloud/spring-cloud-netflix,https://github.com/spring-cloud/spring-cloud-netflix,4541,2,7
526,Flipboard/bottomsheet,https://github.com/Flipboard/bottomsheet,4536,10,6
527,techGay/v9porn,https://github.com/techGay/v9porn,4536,9,3
528,spring-projects/spring-security-oauth,https://github.com/spring-projects/spring-security-oauth,4535,0,10
529,romandanylyk/PageIndicatorView,https://github.com/romandanylyk/PageIndicatorView,4526,14,5
530,JakeWharton/NineOldAndroids,https://github.com/JakeWharton/NineOldAndroids,4524,0,10
531,jdamcd/android-crop,https://github.com/jdamcd/android-crop,4523,6,8
532,nisrulz/android-tips-tricks,https://github.com/nisrulz/android-tips-tricks,4514,0,5
533,sofastack/sofa-boot,https://github.com/sofastack/sofa-boot,4511,50,3
534,pili-engineering/PLDroidPlayer,https://github.com/pili-engineering/PLDroidPlayer,4507,41,6
535,zhanghai/Douya,https://github.com/zhanghai/Douya,4505,11,6
536,Jasonchenlijian/FastBle,https://github.com/Jasonchenlijian/FastBle,4495,9,5
537,lettuce-io/lettuce-core,https://github.com/lettuce-io/lettuce-core,4478,99,7
538,jankotek/mapdb,https://github.com/jankotek/mapdb,4477,0,9
539,apache/groovy,https://github.com/apache/groovy,4455,0,6
540,square/android-times-square,https://github.com/square/android-times-square,4449,0,9
541,alibaba/dexposed,https://github.com/alibaba/dexposed,4436,0,6
542,HotBitmapGG/bilibili-android-client,https://github.com/HotBitmapGG/bilibili-android-client,4433,1,5
543,castorflex/SmoothProgressBar,https://github.com/castorflex/SmoothProgressBar,4429,9,8
544,orientechnologies/orientdb,https://github.com/orientechnologies/orientdb,4427,180,9
545,apache/hbase,https://github.com/apache/hbase,4404,19,7
546,puniverse/quasar,https://github.com/puniverse/quasar,4395,18,8
547,spring-projects/spring-data-examples,https://github.com/spring-projects/spring-data-examples,4387,0,8
548,google/google-java-format,https://github.com/google/google-java-format,4377,17,6
549,JanusGraph/janusgraph,https://github.com/JanusGraph/janusgraph,4371,20,5
550,MindorksOpenSource/android-mvp-architecture,https://github.com/MindorksOpenSource/android-mvp-architecture,4367,0,5
551,firebase/FirebaseUI-Android,https://github.com/firebase/FirebaseUI-Android,4365,63,6
552,deathmarine/Luyten,https://github.com/deathmarine/Luyten,4363,17,8
553,mcxiaoke/android-volley,https://github.com/mcxiaoke/android-volley,4350,0,8
554,reactive-streams/reactive-streams-jvm,https://github.com/reactive-streams/reactive-streams-jvm,4324,0,8
555,2227324689/gpmall,https://github.com/2227324689/gpmall,4324,0,2
556,youtube/api-samples,https://github.com/youtube/api-samples,4316,0,8
557,cglib/cglib,https://github.com/cglib/cglib,4313,15,7
558,Ashok-Varma/BottomNavigation,https://github.com/Ashok-Varma/BottomNavigation,4308,16,6
559,CodingDocs/springboot-guide,https://github.com/CodingDocs/springboot-guide,4303,0,3
560,roncoo/roncoo-pay,https://github.com/roncoo/roncoo-pay,4291,0,5
561,aporter/coursera-android,https://github.com/aporter/coursera-android,4289,0,8
562,bingoogolapple/BGARefreshLayout-Android,https://github.com/bingoogolapple/BGARefreshLayout-Android,4272,4,6
563,kiegroup/drools,https://github.com/kiegroup/drools,4270,0,11
564,Tencent/GT,https://github.com/Tencent/GT,4265,3,6
565,zuihou/lamp-cloud,https://github.com/zuihou/lamp-cloud,4262,0,4
566,yasserg/crawler4j,https://github.com/yasserg/crawler4j,4245,3,10
567,bitcoinj/bitcoinj,https://github.com/bitcoinj/bitcoinj,4243,1,8
568,robinhood/ticker,https://github.com/robinhood/ticker,4241,9,5
569,hansonwang99/Spring-Boot-In-Action,https://github.com/hansonwang99/Spring-Boot-In-Action,4231,0,3
570,jeasonlzy/ImagePicker,https://github.com/jeasonlzy/ImagePicker,4228,5,6
571,natario1/CameraView,https://github.com/natario1/CameraView,4224,42,4
572,cabaletta/baritone,https://github.com/cabaletta/baritone,4218,61,3
573,awangdev/LintCode,https://github.com/awangdev/LintCode,4213,0,6
574,javagrowing/JGrowing,https://github.com/javagrowing/JGrowing,4211,0,3
575,Netflix/ribbon,https://github.com/Netflix/ribbon,4199,41,9
576,zhanglei-workspace/shopping-management-system,https://github.com/zhanglei-workspace/shopping-management-system,4188,0,6
577,apache/hive,https://github.com/apache/hive,4181,0,12
578,apache/camel,https://github.com/apache/camel,4178,0,12
579,grantland/android-autofittextview,https://github.com/grantland/android-autofittextview,4177,1,11
580,CellularPrivacy/Android-IMSI-Catcher-Detector,https://github.com/CellularPrivacy/Android-IMSI-Catcher-Detector,4164,48,8
581,Meituan-Dianping/Robust,https://github.com/Meituan-Dianping/Robust,4162,13,5
582,Genymobile/gnirehtet,https://github.com/Genymobile/gnirehtet,4156,11,5
583,airbnb/DeepLinkDispatch,https://github.com/airbnb/DeepLinkDispatch,4145,22,6
584,Jacksgong/JKeyboardPanelSwitch,https://github.com/Jacksgong/JKeyboardPanelSwitch,4126,14,6
585,pedrovgs/AndroidWiFiADB,https://github.com/pedrovgs/AndroidWiFiADB,4124,8,6
586,hugeterry/CoordinatorTabLayout,https://github.com/hugeterry/CoordinatorTabLayout,4118,0,5
587,ZHENFENG13/spring-boot-projects,https://github.com/ZHENFENG13/spring-boot-projects,4113,0,4
588,cjlin1/libsvm,https://github.com/cjlin1/libsvm,4111,0,8
589,ChadCSong/ShineButton,https://github.com/ChadCSong/ShineButton,4111,2,5
590,AntennaPod/AntennaPod,https://github.com/AntennaPod/AntennaPod,4104,43,9
591,codingapi/tx-lcn,https://github.com/codingapi/tx-lcn,4104,14,4
592,javaparser/javaparser,https://github.com/javaparser/javaparser,4101,32,10
593,LSPosed/LSPosed,https://github.com/LSPosed/LSPosed,4100,29,1
594,apache/ignite,https://github.com/apache/ignite,4097,0,7
595,Exrick/xpay,https://github.com/Exrick/xpay,4091,0,4
596,apache/rocketmq-externals,https://github.com/apache/rocketmq-externals,4080,0,5
597,android/views-widgets-samples,https://github.com/android/views-widgets-samples,4078,0,2
598,baoyachi/StepView,https://github.com/baoyachi/StepView,4077,13,5
599,bingoogolapple/BGABanner-Android,https://github.com/bingoogolapple/BGABanner-Android,4076,0,7
600,ronmamo/reflections,https://github.com/ronmamo/reflections,4061,3,8
601,alibaba/Tangram-Android,https://github.com/alibaba/Tangram-Android,4055,38,4
602,rubensousa/ViewPagerCards,https://github.com/rubensousa/ViewPagerCards,4052,0,5
603,coobird/thumbnailator,https://github.com/coobird/thumbnailator,4042,0,6
604,ThirtyDegreesRay/OpenHub,https://github.com/ThirtyDegreesRay/OpenHub,4038,31,4
605,Yalantis/Phoenix,https://github.com/Yalantis/Phoenix,4037,1,7
606,ongakuer/CircleIndicator,https://github.com/ongakuer/CircleIndicator,4031,7,7
607,stleary/JSON-java,https://github.com/stleary/JSON-java,4028,14,11
608,makovkastar/FloatingActionButton,https://github.com/makovkastar/FloatingActionButton,4025,0,7
609,Netflix/conductor,https://github.com/Netflix/conductor,4025,279,5
610,dinuscxj/LoadingDrawable,https://github.com/dinuscxj/LoadingDrawable,4022,0,5
611,reactor/reactor-core,https://github.com/reactor/reactor-core,4019,111,6
612,brianfrankcooper/YCSB,https://github.com/brianfrankcooper/YCSB,4018,55,11
613,iNPUTmice/Conversations,https://github.com/iNPUTmice/Conversations,4016,101,8
614,objectbox/objectbox-java,https://github.com/objectbox/objectbox-java,3994,29,5
615,azkaban/azkaban,https://github.com/azkaban/azkaban,3991,48,9
616,BoltsFramework/Bolts-Android,https://github.com/BoltsFramework/Bolts-Android,3986,11,8
617,phishman3579/java-algorithms-implementation,https://github.com/phishman3579/java-algorithms-implementation,3979,0,8
618,Heeexy/SpringBoot-Shiro-Vue,https://github.com/Heeexy/SpringBoot-Shiro-Vue,3971,0,4
619,rengwuxian/RxJavaSamples,https://github.com/rengwuxian/RxJavaSamples,3969,3,5
620,yhaolpz/FloatWindow,https://github.com/yhaolpz/FloatWindow,3968,9,4
621,qstumn/BadgeView,https://github.com/qstumn/BadgeView,3966,5,5
622,alibaba/jstorm,https://github.com/alibaba/jstorm,3943,22,8
623,bjmashibing/InternetArchitect,https://github.com/bjmashibing/InternetArchitect,3938,0,2
624,chewiebug/GCViewer,https://github.com/chewiebug/GCViewer,3937,5,10
625,lcodecorex/TwinklingRefreshLayout,https://github.com/lcodecorex/TwinklingRefreshLayout,3936,0,6
626,brianway/java-learning,https://github.com/brianway/java-learning,3925,0,6
627,Manabu-GT/ExpandableTextView,https://github.com/Manabu-GT/ExpandableTextView,3922,4,7
628,CalebFenton/simplify,https://github.com/CalebFenton/simplify,3922,9,8
629,JoanZapata/android-iconify,https://github.com/JoanZapata/android-iconify,3916,0,8
630,meefik/linuxdeploy,https://github.com/meefik/linuxdeploy,3914,37,9
631,citerus/dddsample-core,https://github.com/citerus/dddsample-core,3910,0,7
632,bisq-network/bisq,https://github.com/bisq-network/bisq,3906,120,8
633,Doikki/DKVideoPlayer,https://github.com/Doikki/DKVideoPlayer,3905,30,4
634,xcltapestry/XCL-Charts,https://github.com/xcltapestry/XCL-Charts,3900,0,7
635,luckybilly/CC,https://github.com/luckybilly/CC,3895,0,4
636,JZ-Darkal/AndroidHttpCapture,https://github.com/JZ-Darkal/AndroidHttpCapture,3892,1,5
637,rstudio/rstudio,https://github.com/rstudio/rstudio,3892,0,11
638,dreamhead/moco,https://github.com/dreamhead/moco,3886,0,9
639,jeremylong/DependencyCheck,https://github.com/jeremylong/DependencyCheck,3873,27,9
640,aurelhubert/ahbottomnavigation,https://github.com/aurelhubert/ahbottomnavigation,3872,14,6
641,oblac/jodd,https://github.com/oblac/jodd,3872,37,9
642,Piasy/BigImageViewer,https://github.com/Piasy/BigImageViewer,3859,0,5
643,apache/pinot,https://github.com/apache/pinot,3855,15,7
644,Freeyourgadget/Gadgetbridge,https://github.com/Freeyourgadget/Gadgetbridge,3853,0,7
645,vespa-engine/vespa,https://github.com/vespa-engine/vespa,3840,12,5
646,orhanobut/hawk,https://github.com/orhanobut/hawk,3839,22,7
647,oldmanpushcart/greys-anatomy,https://github.com/oldmanpushcart/greys-anatomy,3836,0,9
648,bluelinelabs/Conductor,https://github.com/bluelinelabs/Conductor,3833,19,6
649,tuguangquan/mybatis,https://github.com/tuguangquan/mybatis,3821,0,7
650,dromara/hmily,https://github.com/dromara/hmily,3821,0,4
651,roboguice/roboguice,https://github.com/roboguice/roboguice,3817,0,9
652,react-native-webrtc/react-native-webrtc,https://github.com/react-native-webrtc/react-native-webrtc,3815,42,6
653,hussien89aa/AndroidTutorialForBeginners,https://github.com/hussien89aa/AndroidTutorialForBeginners,3810,0,5
654,web3j/web3j,https://github.com/web3j/web3j,3797,94,5
655,MiguelCatalan/MaterialSearchView,https://github.com/MiguelCatalan/MaterialSearchView,3795,6,6
656,pmd/pmd,https://github.com/pmd/pmd,3781,73,9
657,bytedeco/javacpp,https://github.com/bytedeco/javacpp,3781,8,7
658,itwanger/JavaBooks,https://github.com/itwanger/JavaBooks,3775,0,1
659,eirslett/frontend-maven-plugin,https://github.com/eirslett/frontend-maven-plugin,3769,0,8
660,apache/shiro,https://github.com/apache/shiro,3764,0,12
661,TeamAmaze/AmazeFileManager,https://github.com/TeamAmaze/AmazeFileManager,3758,58,7
662,powermock/powermock,https://github.com/powermock/powermock,3758,16,7
663,microsoft/malmo,https://github.com/microsoft/malmo,3757,21,5
664,databricks/learning-spark,https://github.com/databricks/learning-spark,3741,0,7
665,zzhoujay/RichText,https://github.com/zzhoujay/RichText,3735,0,6
666,j-easy/easy-rules,https://github.com/j-easy/easy-rules,3735,10,9
667,Javen205/IJPay,https://github.com/Javen205/IJPay,3731,23,4
668,timehop/sticky-headers-recyclerview,https://github.com/timehop/sticky-headers-recyclerview,3723,0,7
669,M66B/NetGuard,https://github.com/M66B/NetGuard,3716,134,6
670,yanzhenjie/NoHttp,https://github.com/yanzhenjie/NoHttp,3714,0,6
671,didi/LogiKM,https://github.com/didi/LogiKM,3709,13,2
672,querydsl/querydsl,https://github.com/querydsl/querydsl,3709,34,10
673,lzyzsd/CircleProgress,https://github.com/lzyzsd/CircleProgress,3700,0,7
674,xuexiangjys/XUI,https://github.com/xuexiangjys/XUI,3697,21,3
675,pqpo/SmartCropper,https://github.com/pqpo/SmartCropper,3696,13,4
676,willowtreeapps/spruce-android,https://github.com/willowtreeapps/spruce-android,3691,3,5
677,LWJGL/lwjgl3,https://github.com/LWJGL/lwjgl3,3680,16,9
678,failsafe-lib/failsafe,https://github.com/failsafe-lib/failsafe,3678,0,6
679,amirzaidi/Launcher3,https://github.com/amirzaidi/Launcher3,3672,22,4
680,subhra74/xdm,https://github.com/subhra74/xdm,3659,3,4
681,yangfuhai/ASimpleCache,https://github.com/yangfuhai/ASimpleCache,3654,0,8
682,YunaiV/ruoyi-vue-pro,https://github.com/YunaiV/ruoyi-vue-pro,3652,8,1
683,tiann/epic,https://github.com/tiann/epic,3650,5,4
684,binIoter/GuideView,https://github.com/binIoter/GuideView,3641,0,5
685,Col-E/Recaf,https://github.com/Col-E/Recaf,3638,167,4
686,huanghongxun/HMCL,https://github.com/huanghongxun/HMCL,3633,177,6
687,ryanhoo/StylishMusicPlayer,https://github.com/ryanhoo/StylishMusicPlayer,3627,0,5
688,rockerhieu/emojicon,https://github.com/rockerhieu/emojicon,3618,2,8
689,sunfusheng/MarqueeView,https://github.com/sunfusheng/MarqueeView,3616,0,5
690,litesuits/android-common,https://github.com/litesuits/android-common,3615,0,7
691,google/open-location-code,https://github.com/google/open-location-code,3612,5,7
692,lygttpod/SuperTextView,https://github.com/lygttpod/SuperTextView,3610,39,5
693,zxbu/webdav-aliyundriver,https://github.com/zxbu/webdav-aliyundriver,3604,14,1
694,WeiYe-Jing/datax-web,https://github.com/WeiYe-Jing/datax-web,3603,5,2
695,saysky/ForestBlog,https://github.com/saysky/ForestBlog,3602,0,4
696,jitsi/jitsi,https://github.com/jitsi/jitsi,3601,7,8
697,mock-server/mockserver,https://github.com/mock-server/mockserver,3599,0,9
698,mercyblitz/tech-weekly,https://github.com/mercyblitz/tech-weekly,3589,0,3
699,graphhopper/graphhopper,https://github.com/graphhopper/graphhopper,3587,34,10
700,johncarl81/parceler,https://github.com/johncarl81/parceler,3584,0,8
701,code4craft/tiny-spring,https://github.com/code4craft/tiny-spring,3583,0,8
702,nytimes/Store,https://github.com/nytimes/Store,3582,0,5
703,runelite/runelite,https://github.com/runelite/runelite,3581,0,5
704,tyrantgit/ExplosionField,https://github.com/tyrantgit/ExplosionField,3579,0,6
705,apache/incubator-heron,https://github.com/apache/incubator-heron,3579,56,6
706,Atmosphere/atmosphere,https://github.com/Atmosphere/atmosphere,3565,0,11
707,dongjunkun/DropDownMenu,https://github.com/dongjunkun/DropDownMenu,3564,2,6
708,mybatis/spring-boot-starter,https://github.com/mybatis/spring-boot-starter,3562,23,6
709,kikoso/android-stackblur,https://github.com/kikoso/android-stackblur,3559,0,8
710,androidx/androidx,https://github.com/androidx/androidx,3553,0,1
711,JSQLParser/JSqlParser,https://github.com/JSQLParser/JSqlParser,3552,27,10
712,luontola/retrolambda,https://github.com/luontola/retrolambda,3547,0,8
713,lsjwzh/RecyclerViewPager,https://github.com/lsjwzh/RecyclerViewPager,3547,10,7
714,arimorty/floatingsearchview,https://github.com/arimorty/floatingsearchview,3536,0,6
715,CameraKit/blurkit-android,https://github.com/CameraKit/blurkit-android,3536,3,5
716,sofastack/sofa-rpc,https://github.com/sofastack/sofa-rpc,3532,44,3
717,981011512/--,https://github.com/981011512/--,3532,0,1
718,baoyongzhang/SwipeMenuListView,https://github.com/baoyongzhang/SwipeMenuListView,3530,2,7
719,stfalcon-studio/ChatKit,https://github.com/stfalcon-studio/ChatKit,3528,1,5
720,LandGrey/SpringBootVulExploit,https://github.com/LandGrey/SpringBootVulExploit,3517,0,1
721,oracle/opengrok,https://github.com/oracle/opengrok,3517,197,9
722,apache/dubbo-admin,https://github.com/apache/dubbo-admin,3517,4,4
723,Fuzion24/JustTrustMe,https://github.com/Fuzion24/JustTrustMe,3512,1,7
724,rovo89/XposedInstaller,https://github.com/rovo89/XposedInstaller,3508,0,9
725,JakeWharton/ThreeTenABP,https://github.com/JakeWharton/ThreeTenABP,3499,0,6
726,RedSpider1/concurrent,https://github.com/RedSpider1/concurrent,3494,0,3
727,linyiqun/DataMiningAlgorithm,https://github.com/linyiqun/DataMiningAlgorithm,3493,0,7
728,codeestX/GeekNews,https://github.com/codeestX/GeekNews,3492,0,5
729,line/armeria,https://github.com/line/armeria,3491,198,6
730,davideas/FlexibleAdapter,https://github.com/davideas/FlexibleAdapter,3490,30,6
731,Ereza/CustomActivityOnCrash,https://github.com/Ereza/CustomActivityOnCrash,3489,11,7
732,mpusher/mpush,https://github.com/mpusher/mpush,3488,9,5
733,andOTP/andOTP,https://github.com/andOTP/andOTP,3487,38,4
734,google/rejoiner,https://github.com/google/rejoiner,3481,3,4
735,Exrick/xboot,https://github.com/Exrick/xboot,3480,6,3
736,xcc3641/SeeWeather,https://github.com/xcc3641/SeeWeather,3473,2,6
737,openhab/openhab1-addons,https://github.com/openhab/openhab1-addons,3470,14,8
738,bilibili/MagicaSakura,https://github.com/bilibili/MagicaSakura,3469,3,5
739,dropbox/hackpad,https://github.com/dropbox/hackpad,3468,0,6
740,obsidiandynamics/kafdrop,https://github.com/obsidiandynamics/kafdrop,3463,43,2
741,andremion/Music-Player,https://github.com/andremion/Music-Player,3462,2,5
742,traccar/traccar,https://github.com/traccar/traccar,3456,35,9
743,jboss-javassist/javassist,https://github.com/jboss-javassist/javassist,3441,18,8
744,guolindev/giffun,https://github.com/guolindev/giffun,3440,0,3
745,remkop/picocli,https://github.com/remkop/picocli,3436,78,5
746,knowm/XChange,https://github.com/knowm/XChange,3430,0,10
747,mik3y/usb-serial-for-android,https://github.com/mik3y/usb-serial-for-android,3425,21,8
748,zlt2000/microservices-platform,https://github.com/zlt2000/microservices-platform,3425,25,3
749,spring-cloud/spring-cloud-gateway,https://github.com/spring-cloud/spring-cloud-gateway,3423,0,5
750,avast/android-butterknife-zelezny,https://github.com/avast/android-butterknife-zelezny,3421,8,8
751,ethanhua/Skeleton,https://github.com/ethanhua/Skeleton,3413,0,4
752,yigit/android-priority-jobqueue,https://github.com/yigit/android-priority-jobqueue,3411,0,7
753,mcxtzhang/SwipeDelMenuLayout,https://github.com/mcxtzhang/SwipeDelMenuLayout,3402,2,5
754,WVector/AppUpdate,https://github.com/WVector/AppUpdate,3397,3,4
755,promeG/TinyPinyin,https://github.com/promeG/TinyPinyin,3391,2,6
756,crossoverJie/SSM,https://github.com/crossoverJie/SSM,3388,10,5
757,networknt/light-4j,https://github.com/networknt/light-4j,3388,145,5
758,PowerJob/PowerJob,https://github.com/PowerJob/PowerJob,3387,32,2
759,stylefeng/Guns,https://github.com/stylefeng/Guns,3381,0,4
760,DiUS/java-faker,https://github.com/DiUS/java-faker,3381,0,10
761,linkedin/databus,https://github.com/linkedin/databus,3376,0,9
762,lisawray/groupie,https://github.com/lisawray/groupie,3372,27,5
763,NotFound9/interviewGuide,https://github.com/NotFound9/interviewGuide,3369,0,5
764,ivacf/archi,https://github.com/ivacf/archi,3368,0,6
765,spring-projects/spring-authorization-server,https://github.com/spring-projects/spring-authorization-server,3364,9,2
766,alamkanak/Android-Week-View,https://github.com/alamkanak/Android-Week-View,3359,4,7
767,googlemaps/android-maps-utils,https://github.com/googlemaps/android-maps-utils,3357,24,8
768,liuyubobobo/Play-with-Algorithms,https://github.com/liuyubobobo/Play-with-Algorithms,3355,0,5
769,code4craft/netty-learning,https://github.com/code4craft/netty-learning,3354,0,8
770,supertokens/supertokens-core,https://github.com/supertokens/supertokens-core,3331,0,2
771,google/data-transfer-project,https://github.com/google/data-transfer-project,3329,43,4
772,CaffeineMC/sodium-fabric,https://github.com/CaffeineMC/sodium-fabric,3323,11,2
773,eclipse/jetty.project,https://github.com/eclipse/jetty.project,3318,38,10
774,actorapp/actor-platform,https://github.com/actorapp/actor-platform,3317,97,6
775,abel533/MyBatis-Spring-Boot,https://github.com/abel533/MyBatis-Spring-Boot,3316,0,6
776,sherxon/AlgoDS,https://github.com/sherxon/AlgoDS,3313,0,5
777,crate/crate,https://github.com/crate/crate,3313,39,8
778,shekhargulati/99-problems,https://github.com/shekhargulati/99-problems,3312,0,6
779,JeremyLiao/LiveEventBus,https://github.com/JeremyLiao/LiveEventBus,3310,0,3
780,wendux/DSBridge-Android,https://github.com/wendux/DSBridge-Android,3306,2,5
781,qunarcorp/bistoury,https://github.com/qunarcorp/bistoury,3304,8,2
782,MovingBlocks/Terasology,https://github.com/MovingBlocks/Terasology,3304,66,11
783,micrometer-metrics/micrometer,https://github.com/micrometer-metrics/micrometer,3301,141,4
784,GitLqr/LQRWeChat,https://github.com/GitLqr/LQRWeChat,3293,0,5
785,luojilab/DDComponentForAndroid,https://github.com/luojilab/DDComponentForAndroid,3291,4,4
786,iammert/ScalingLayout,https://github.com/iammert/ScalingLayout,3290,4,4
787,rubensousa/PreviewSeekBar,https://github.com/rubensousa/PreviewSeekBar,3284,7,5
788,alibaba/jetcache,https://github.com/alibaba/jetcache,3284,49,4
789,JavaNoober/BackgroundLibrary,https://github.com/JavaNoober/BackgroundLibrary,3278,10,3
790,ittianyu/BottomNavigationViewEx,https://github.com/ittianyu/BottomNavigationViewEx,3276,19,5
791,baomidou/dynamic-datasource-spring-boot-starter,https://github.com/baomidou/dynamic-datasource-spring-boot-starter,3275,8,3
792,CheckChe0803/flink-recommandSystem-demo,https://github.com/CheckChe0803/flink-recommandSystem-demo,3274,0,2
793,apache/kylin,https://github.com/apache/kylin,3271,0,7
794,hmkcode/Android,https://github.com/hmkcode/Android,3268,0,8
795,kevinsawicki/http-request,https://github.com/kevinsawicki/http-request,3255,0,10
796,vert-x3/vertx-examples,https://github.com/vert-x3/vertx-examples,3243,0,7
797,tangqi92/Android-Tips,https://github.com/tangqi92/Android-Tips,3237,0,6
798,uber/AutoDispose,https://github.com/uber/AutoDispose,3233,2,5
799,bluelinelabs/LoganSquare,https://github.com/bluelinelabs/LoganSquare,3233,0,7
800,java-aodeng/hope-boot,https://github.com/java-aodeng/hope-boot,3228,2,3
801,ragunathjawahar/android-saripaar,https://github.com/ragunathjawahar/android-saripaar,3226,3,9
802,bauerca/drag-sort-listview,https://github.com/bauerca/drag-sort-listview,3218,0,9
803,UnevenSoftware/LeafPic,https://github.com/UnevenSoftware/LeafPic,3217,7,6
804,h2database/h2database,https://github.com/h2database/h2database,3214,16,6
805,fishercoder1534/Leetcode,https://github.com/fishercoder1534/Leetcode,3210,0,5
806,alibaba/QLExpress,https://github.com/alibaba/QLExpress,3208,0,5
807,jbloch/effective-java-3e-source-code,https://github.com/jbloch/effective-java-3e-source-code,3208,0,3
808,zendesk/maxwell,https://github.com/zendesk/maxwell,3207,186,7
809,bilibili/boxing,https://github.com/bilibili/boxing,3204,1,5
810,fyhertz/libstreaming,https://github.com/fyhertz/libstreaming,3200,0,9
811,getActivity/XXPermissions,https://github.com/getActivity/XXPermissions,3200,46,3
812,chrisbanes/ActionBar-PullToRefresh,https://github.com/chrisbanes/ActionBar-PullToRefresh,3193,0,8
813,daimajia/AndroidViewHover,https://github.com/daimajia/AndroidViewHover,3193,4,7
814,chenBingX/SuperTextView,https://github.com/chenBingX/SuperTextView,3186,33,4
815,yangfuhai/afinal,https://github.com/yangfuhai/afinal,3185,0,9
816,pengjianbo/GalleryFinal,https://github.com/pengjianbo/GalleryFinal,3177,4,6
817,apache/incubator-seatunnel,https://github.com/apache/incubator-seatunnel,3175,34,4
818,google/volley,https://github.com/google/volley,3169,9,5
819,zzz40500/GsonFormat,https://github.com/zzz40500/GsonFormat,3167,4,7
820,BelooS/ChipsLayoutManager,https://github.com/BelooS/ChipsLayoutManager,3162,11,5
821,eishay/jvm-serializers,https://github.com/eishay/jvm-serializers,3160,0,11
822,facebookarchive/network-connection-class,https://github.com/facebookarchive/network-connection-class,3156,2,7
823,KingJA/LoadSir,https://github.com/KingJA/LoadSir,3155,6,4
824,jacoco/jacoco,https://github.com/jacoco/jacoco,3154,43,9
825,amulyakhare/TextDrawable,https://github.com/amulyakhare/TextDrawable,3153,0,7
826,jfinal/jfinal,https://github.com/jfinal/jfinal,3147,0,9
827,huburt-Hu/NewbieGuide,https://github.com/huburt-Hu/NewbieGuide,3147,20,4
828,eleme/UETool,https://github.com/eleme/UETool,3142,9,3
829,hitherejoe/animate,https://github.com/hitherejoe/animate,3141,0,6
830,alibaba/cobar,https://github.com/alibaba/cobar,3138,1,8
831,spockframework/spock,https://github.com/spockframework/spock,3127,16,11
832,airbnb/native-navigation,https://github.com/airbnb/native-navigation,3125,0,5
833,nicolasgramlich/AndEngine,https://github.com/nicolasgramlich/AndEngine,3124,0,10
834,Skykai521/StickerCamera,https://github.com/Skykai521/StickerCamera,3121,0,6
835,WritingMinds/ffmpeg-android-java,https://github.com/WritingMinds/ffmpeg-android-java,3118,8,7
836,anggrayudi/android-hidden-api,https://github.com/anggrayudi/android-hidden-api,3117,1,6
837,danylovolokh/VideoPlayerManager,https://github.com/danylovolokh/VideoPlayerManager,3105,0,6
838,yipianfengye/android-adDialog,https://github.com/yipianfengye/android-adDialog,3101,0,5
839,pig-mesh/pig,https://github.com/pig-mesh/pig,3098,16,2
840,undertow-io/undertow,https://github.com/undertow-io/undertow,3097,0,9
841,GeyserMC/Geyser,https://github.com/GeyserMC/Geyser,3091,0,2
842,hongyangAndroid/Highlight,https://github.com/hongyangAndroid/Highlight,3090,0,6
843,requery/requery,https://github.com/requery/requery,3088,43,6
844,uber/NullAway,https://github.com/uber/NullAway,3086,0,4
845,crazyandcoder/citypicker,https://github.com/crazyandcoder/citypicker,3083,4,5
846,woxingxiao/BubbleSeekBar,https://github.com/woxingxiao/BubbleSeekBar,3082,12,5
847,guoguibing/librec,https://github.com/guoguibing/librec,3075,3,8
848,immutables/immutables,https://github.com/immutables/immutables,3075,6,8
849,dariuszseweryn/RxAndroidBle,https://github.com/dariuszseweryn/RxAndroidBle,3074,47,6
850,gabrielemariotti/RecyclerViewItemAnimators,https://github.com/gabrielemariotti/RecyclerViewItemAnimators,3071,0,7
851,pppscn/SmsForwarder,https://github.com/pppscn/SmsForwarder,3071,18,1
852,liquibase/liquibase,https://github.com/liquibase/liquibase,3070,67,10
853,jindrapetrik/jpexs-decompiler,https://github.com/jindrapetrik/jpexs-decompiler,3065,120,7
854,KunMinX/Linkage-RecyclerView,https://github.com/KunMinX/Linkage-RecyclerView,3059,0,2
855,lenve/JavaEETest,https://github.com/lenve/JavaEETest,3057,0,5
856,trojan-gfw/igniter,https://github.com/trojan-gfw/igniter,3056,33,3
857,oshi/oshi,https://github.com/oshi/oshi,3055,130,10
858,beemdevelopment/Aegis,https://github.com/beemdevelopment/Aegis,3053,44,5
859,apache/nifi,https://github.com/apache/nifi,3052,0,7
860,jagrosh/MusicBot,https://github.com/jagrosh/MusicBot,3052,31,5
861,Red5/red5-server,https://github.com/Red5/red5-server,3052,48,8
862,PhilippC/keepass2android,https://github.com/PhilippC/keepass2android,3049,19,4
863,osmandapp/OsmAnd,https://github.com/osmandapp/OsmAnd,3049,1,11
864,keyboardsurfer/Crouton,https://github.com/keyboardsurfer/Crouton,3047,8,9
865,android-notes/Cockroach,https://github.com/android-notes/Cockroach,3045,1,5
866,sofastack/sofa-jarslink,https://github.com/sofastack/sofa-jarslink,3045,2,4
867,aragozin/jvm-tools,https://github.com/aragozin/jvm-tools,3044,0,9
868,zwwill/yanxuan-weex-demo,https://github.com/zwwill/yanxuan-weex-demo,3044,0,4
869,alibaba/Alink,https://github.com/alibaba/Alink,3035,13,3
870,jgilfelt/android-viewbadger,https://github.com/jgilfelt/android-viewbadger,3033,0,10
871,strimzi/strimzi-kafka-operator,https://github.com/strimzi/strimzi-kafka-operator,3031,95,5
872,vaticle/typedb,https://github.com/vaticle/typedb,3029,80,5
873,react-native-share/react-native-share,https://github.com/react-native-share/react-native-share,3029,75,6
874,zhou-you/RxEasyHttp,https://github.com/zhou-you/RxEasyHttp,3021,0,4
875,apache/maven,https://github.com/apache/maven,3020,2,12
876,Marswin/MarsDaemon,https://github.com/Marswin/MarsDaemon,3020,0,6
877,xmuSistone/ViewpagerTransition,https://github.com/xmuSistone/ViewpagerTransition,3020,1,5
878,VaughnVernon/IDDD_Samples,https://github.com/VaughnVernon/IDDD_Samples,3017,0,8
879,jeecgboot/JimuReport,https://github.com/jeecgboot/JimuReport,3013,1,2
880,dingjikerbo/Android-BluetoothKit,https://github.com/dingjikerbo/Android-BluetoothKit,3013,0,6
881,java8/Java8InAction,https://github.com/java8/Java8InAction,3011,0,8
882,FasterXML/jackson-databind,https://github.com/FasterXML/jackson-databind,3010,0,10
883,pedrovgs/DraggablePanel,https://github.com/pedrovgs/DraggablePanel,3008,10,7
884,dmytrodanylyk/android-process-button,https://github.com/dmytrodanylyk/android-process-button,3006,1,7
885,facebookarchive/react-native-fbsdk,https://github.com/facebookarchive/react-native-fbsdk,3005,22,6
886,zaaach/CityPicker,https://github.com/zaaach/CityPicker,3004,2,6
887,yanzhenjie/AndServer,https://github.com/yanzhenjie/AndServer,3001,0,5
888,florent37/ShapeOfView,https://github.com/florent37/ShapeOfView,2999,0,4
889,ballerina-platform/ballerina-lang,https://github.com/ballerina-platform/ballerina-lang,2998,115,5
890,lovetuzitong/MultiImageSelector,https://github.com/lovetuzitong/MultiImageSelector,2995,2,6
891,watabou/pixel-dungeon,https://github.com/watabou/pixel-dungeon,2990,0,7
892,MindorksOpenSource/PRDownloader,https://github.com/MindorksOpenSource/PRDownloader,2988,5,4
893,spring-cloud/spring-cloud-kubernetes,https://github.com/spring-cloud/spring-cloud-kubernetes,2986,0,5
894,stephanenicolas/robospice,https://github.com/stephanenicolas/robospice,2984,1,9
895,apache/calcite,https://github.com/apache/calcite,2983,0,7
896,mplushnikov/lombok-intellij-plugin,https://github.com/mplushnikov/lombok-intellij-plugin,2983,116,8
897,jd-alexander/LikeButton,https://github.com/jd-alexander/LikeButton,2979,14,6
898,tronprotocol/java-tron,https://github.com/tronprotocol/java-tron,2979,64,4
899,yui/yuicompressor,https://github.com/yui/yuicompressor,2977,1,13
900,ZieIony/Carbon,https://github.com/ZieIony/Carbon,2968,2,7
901,jasonross/Nuwa,https://github.com/jasonross/Nuwa,2968,0,6
902,evrencoskun/TableView,https://github.com/evrencoskun/TableView,2965,12,4
903,yarolegovich/SlidingRootNav,https://github.com/yarolegovich/SlidingRootNav,2960,1,4
904,killme2008/aviatorscript,https://github.com/killme2008/aviatorscript,2948,46,10
905,KeepSafe/dexcount-gradle-plugin,https://github.com/KeepSafe/dexcount-gradle-plugin,2947,20,6
906,flutter-webrtc/flutter-webrtc,https://github.com/flutter-webrtc/flutter-webrtc,2940,33,4
907,yusugomori/DeepLearning,https://github.com/yusugomori/DeepLearning,2931,0,9
908,jMonkeyEngine/jmonkeyengine,https://github.com/jMonkeyEngine/jmonkeyengine,2925,47,8
909,awaitility/awaitility,https://github.com/awaitility/awaitility,2924,0,12
910,gouthampradhan/leetcode,https://github.com/gouthampradhan/leetcode,2921,0,5
911,JackyAndroid/AndroidChromium,https://github.com/JackyAndroid/AndroidChromium,2921,2,5
912,mxdldev/android-mvp-mvvm-flytour,https://github.com/mxdldev/android-mvp-mvvm-flytour,2919,11,3
913,ltsopensource/light-task-scheduler,https://github.com/ltsopensource/light-task-scheduler,2916,29,7
914,edmodo/cropper,https://github.com/edmodo/cropper,2916,0,8
915,guolindev/booksource,https://github.com/guolindev/booksource,2914,0,5
916,udacity/Sunshine-Version-2,https://github.com/udacity/Sunshine-Version-2,2907,0,7
917,googlesamples/android-vision,https://github.com/googlesamples/android-vision,2906,0,6
918,javaee/jersey,https://github.com/javaee/jersey,2899,30,9
919,ManuelPeinado/FadingActionBar,https://github.com/ManuelPeinado/FadingActionBar,2898,0,8
920,JCTools/JCTools,https://github.com/JCTools/JCTools,2897,15,8
921,apache/hudi,https://github.com/apache/hudi,2894,15,5
922,geftimov/android-pathview,https://github.com/geftimov/android-pathview,2894,2,7
923,CrawlScript/WebCollector,https://github.com/CrawlScript/WebCollector,2891,0,7
924,rubenlagus/TelegramBots,https://github.com/rubenlagus/TelegramBots,2887,72,6
925,RipMeApp/ripme,https://github.com/RipMeApp/ripme,2881,126,5
926,youlookwhat/DesignPattern,https://github.com/youlookwhat/DesignPattern,2880,0,5
927,phodal/migration,https://github.com/phodal/migration,2880,0,2
928,iwgang/CountdownView,https://github.com/iwgang/CountdownView,2876,3,6
929,race604/FlyRefresh,https://github.com/race604/FlyRefresh,2873,2,6
930,bmelnychuk/AndroidTreeView,https://github.com/bmelnychuk/AndroidTreeView,2872,0,7
931,szerhusenBC/jwt-spring-security-demo,https://github.com/szerhusenBC/jwt-spring-security-demo,2871,3,6
932,YahooArchive/anthelion,https://github.com/YahooArchive/anthelion,2868,0,6
933,saulmm/Android-Material-Examples,https://github.com/saulmm/Android-Material-Examples,2859,0,7
934,DTStack/chunjun,https://github.com/DTStack/chunjun,2858,23,3
935,nanchen2251/RxJava2Examples,https://github.com/nanchen2251/RxJava2Examples,2854,0,4
936,nic-delhi/AarogyaSetu_Android,https://github.com/nic-delhi/AarogyaSetu_Android,2854,0,1
937,jtablesaw/tablesaw,https://github.com/jtablesaw/tablesaw,2853,77,6
938,openaphid/android-flip,https://github.com/openaphid/android-flip,2853,0,9
939,sublimehq/Packages,https://github.com/sublimehq/Packages,2853,0,6
940,DV8FromTheWorld/JDA,https://github.com/DV8FromTheWorld/JDA,2851,51,6
941,SpecialCyCi/AndroidResideMenu,https://github.com/SpecialCyCi/AndroidResideMenu,2846,7,8
942,eclipse-openj9/openj9,https://github.com/eclipse-openj9/openj9,2844,30,4
943,Mojang/brigadier,https://github.com/Mojang/brigadier,2842,3,7
944,donglua/PhotoPicker,https://github.com/donglua/PhotoPicker,2842,13,6
945,jiangqqlmj/FastDev4Android,https://github.com/jiangqqlmj/FastDev4Android,2840,4,6
946,w446108264/XhsEmoticonsKeyboard,https://github.com/w446108264/XhsEmoticonsKeyboard,2837,7,7
947,AweiLoveAndroid/CommonDevKnowledge,https://github.com/AweiLoveAndroid/CommonDevKnowledge,2834,0,4
948,jprante/elasticsearch-jdbc,https://github.com/jprante/elasticsearch-jdbc,2832,19,9
949,jiajunhui/PlayerBase,https://github.com/jiajunhui/PlayerBase,2826,18,4
950,M66B/FairEmail,https://github.com/M66B/FairEmail,2823,1798,3
951,jenkinsci/blueocean-plugin,https://github.com/jenkinsci/blueocean-plugin,2822,31,6
952,ikarus23/MifareClassicTool,https://github.com/ikarus23/MifareClassicTool,2821,2,9
953,JulienGenoud/android-percent-support-lib-sample,https://github.com/JulienGenoud/android-percent-support-lib-sample,2820,2,6
954,ddd-by-examples/library,https://github.com/ddd-by-examples/library,2819,0,3
955,sunfusheng/StickyHeaderListView,https://github.com/sunfusheng/StickyHeaderListView,2817,0,5
956,cSploit/android,https://github.com/cSploit/android,2816,33,7
957,tianshiyeben/wgcloud,https://github.com/tianshiyeben/wgcloud,2812,8,3
958,mzule/ActivityRouter,https://github.com/mzule/ActivityRouter,2810,3,5
959,FinalTeam/RxGalleryFinal,https://github.com/FinalTeam/RxGalleryFinal,2809,1,5
960,JackyAndroid/AndroidTVLauncher,https://github.com/JackyAndroid/AndroidTVLauncher,2801,3,5
961,nextcloud/android,https://github.com/nextcloud/android,2801,182,5
962,square/flow,https://github.com/square/flow,2799,0,8
963,googlesamples/google-services,https://github.com/googlesamples/google-services,2798,0,6
964,JoanZapata/android-pdfview,https://github.com/JoanZapata/android-pdfview,2796,0,9
965,google/binnavi,https://github.com/google/binnavi,2794,3,6
966,Teevity/ice,https://github.com/Teevity/ice,2791,3,8
967,mmin18/RealtimeBlurView,https://github.com/mmin18/RealtimeBlurView,2791,0,5
968,bastillion-io/Bastillion,https://github.com/bastillion-io/Bastillion,2787,17,9
969,florent37/ExpectAnim,https://github.com/florent37/ExpectAnim,2787,1,5
970,201206030/fiction_house,https://github.com/201206030/fiction_house,2786,5,2
971,spring-io/initializr,https://github.com/spring-io/initializr,2785,12,8
972,bitcoin-wallet/bitcoin-wallet,https://github.com/bitcoin-wallet/bitcoin-wallet,2781,18,9
973,googlearchive/android-Camera2Basic,https://github.com/googlearchive/android-Camera2Basic,2781,0,7
974,JakeWharton/scalpel,https://github.com/JakeWharton/scalpel,2772,0,8
975,Tencent/MSEC,https://github.com/Tencent/MSEC,2771,0,5
976,RobotiumTech/robotium,https://github.com/RobotiumTech/robotium,2771,0,12
977,fengjundev/Android-Skin-Loader,https://github.com/fengjundev/Android-Skin-Loader,2769,0,6
978,tyzlmjj/PagerBottomTabStrip,https://github.com/tyzlmjj/PagerBottomTabStrip,2767,12,6
979,sockeqwe/AdapterDelegates,https://github.com/sockeqwe/AdapterDelegates,2766,18,6
980,liuyangming/ByteTCC,https://github.com/liuyangming/ByteTCC,2765,17,6
981,airbnb/airpal,https://github.com/airbnb/airpal,2762,0,7
982,Nightonke/WoWoViewPager,https://github.com/Nightonke/WoWoViewPager,2752,0,6
983,MindorksOpenSource/android-mvvm-architecture,https://github.com/MindorksOpenSource/android-mvvm-architecture,2750,0,4
984,Dimezis/BlurView,https://github.com/Dimezis/BlurView,2750,22,5
985,Nightonke/CoCoin,https://github.com/Nightonke/CoCoin,2746,0,6
986,harjot-oberai/MusicDNA,https://github.com/harjot-oberai/MusicDNA,2745,2,5
987,sofastack/sofa-jraft,https://github.com/sofastack/sofa-jraft,2744,21,3
988,apache/logging-log4j2,https://github.com/apache/logging-log4j2,2743,0,8
989,halirutan/IntelliJ-Key-Promoter-X,https://github.com/halirutan/IntelliJ-Key-Promoter-X,2743,19,4
990,Yalantis/GuillotineMenu-Android,https://github.com/Yalantis/GuillotineMenu-Android,2739,2,6
991,north2016/T-MVP,https://github.com/north2016/T-MVP,2739,0,5
992,AbrahamCaiJin/CommonUtilLibrary,https://github.com/AbrahamCaiJin/CommonUtilLibrary,2736,0,4
993,wenmingvs/AndroidProcess,https://github.com/wenmingvs/AndroidProcess,2736,0,6
994,MagicMashRoom/SuperCalendar,https://github.com/MagicMashRoom/SuperCalendar,2736,13,4
995,TangoAgency/material-intro-screen,https://github.com/TangoAgency/material-intro-screen,2732,4,5
996,oguzbilgener/CircularFloatingActionMenu,https://github.com/oguzbilgener/CircularFloatingActionMenu,2728,0,7
997,pedrovgs/Algorithms,https://github.com/pedrovgs/Algorithms,2725,0,7
998,allure-framework/allure2,https://github.com/allure-framework/allure2,2723,50,5
999,saulmm/CoordinatorBehaviorExample,https://github.com/saulmm/CoordinatorBehaviorExample,2721,0,6
